PRECINCT,G16PREDCLI,G16PRERTRU,G16PRELJOH,G16PREGSTE,G16PREUMCM,G16PREOOTH,Winner,Winner Votes
2233364037,67,73,10,2,3,0,G16PREDCLI,241248
2233364036,840,604,94,18,38,18,G16PREDCLI,241248
4016420007,302,899,80,6,15,16,G16PREDCLI,241248
1162230009,661,750,74,14,13,13,G16PREDCLI,241248
1162230006,556,756,80,18,24,8,G16PREDCLI,241248
1162230008,504,691,80,33,20,11,G16PREDCLI,241248
1162230002,441,456,50,7,16,4,G16PREDCLI,241248
1162230012,604,823,82,9,23,6,G16PREDCLI,241248
6253001226,59,110,8,0,2,1,G16PREDCLI,241248
7243101147,637,591,77,22,9,18,G16PREDCLI,241248
7243101086,391,456,55,4,19,11,G16PREDCLI,241248
7243401080,423,420,50,11,8,5,G16PREDCLI,241248
7243101079,320,355,50,12,14,6,G16PREDCLI,241248
6243101150,606,559,77,12,17,14,G16PREDCLI,241248
6255601198,169,361,28,6,3,4,G16PREDCLI,241248
6255601193,374,438,71,14,22,20,G16PREDCLI,241248
6255601192,355,309,32,11,11,11,G16PREDCLI,241248
6255601191,553,493,51,6,16,19,G16PREDCLI,241248
6255601190,381,539,51,14,15,17,G16PREDCLI,241248
6255601196,36,41,6,2,0,1,G16PREDCLI,241248
6255601189,252,394,32,2,7,13,G16PREDCLI,241248
6255601188,233,395,29,3,7,8,G16PREDCLI,241248
6255601187,404,419,52,5,8,12,G16PREDCLI,241248
7213001140,226,198,16,6,7,6,G16PREDCLI,241248
6255601197,13,31,2,0,1,2,G16PREDCLI,241248
7253001142,293,424,22,12,17,6,G16PREDCLI,241248
6255601186,410,518,44,10,11,16,G16PREDCLI,241248
6253001154,13,26,3,0,1,0,G16PREDCLI,241248
6255601165,406,573,29,3,4,3,G16PREDCLI,241248
6255601169,119,271,24,2,2,4,G16PREDCLI,241248
7213001207,267,247,42,9,2,8,G16PREDCLI,241248
7213001205,479,518,47,6,4,15,G16PREDCLI,241248
6255601161,32,81,8,1,0,0,G16PREDCLI,241248
6253001152,426,414,61,7,6,7,G16PREDCLI,241248
7253001148,374,332,52,8,6,6,G16PREDCLI,241248
7243101145,569,504,85,10,13,12,G16PREDCLI,241248
6245601074,367,469,42,10,23,11,G16PREDCLI,241248
6243401076,486,459,62,8,13,7,G16PREDCLI,241248
7243401081,416,367,56,22,12,4,G16PREDCLI,241248
6243101159,435,523,59,10,16,14,G16PREDCLI,241248
7213001206,461,509,43,14,5,9,G16PREDCLI,241248
6255601164,118,240,17,2,0,3,G16PREDCLI,241248
6255601167,170,302,16,2,2,4,G16PREDCLI,241248
6255601166,117,256,18,2,5,6,G16PREDCLI,241248
6253001157,358,341,39,6,14,6,G16PREDCLI,241248
6253001156,113,147,9,1,3,1,G16PREDCLI,241248
6253001155,132,128,29,7,4,2,G16PREDCLI,241248
6243101151,504,590,71,14,8,10,G16PREDCLI,241248
6253101158,313,324,42,10,11,7,G16PREDCLI,241248
6255601168,118,144,12,0,1,0,G16PREDCLI,241248
6255601181,425,506,89,15,17,17,G16PREDCLI,241248
6255601180,271,424,43,5,18,6,G16PREDCLI,241248
6255601179,0,0,0,0,0,0,G16PREDCLI,241248
6255601174,113,222,16,4,2,7,G16PREDCLI,241248
6255601183,72,121,15,1,2,0,G16PREDCLI,241248
6255601185,159,273,19,3,4,11,G16PREDCLI,241248
6255601184,80,145,8,4,2,9,G16PREDCLI,241248
6255601182,222,265,27,5,11,2,G16PREDCLI,241248
6255601195,134,172,7,2,8,5,G16PREDCLI,241248
6255601194,104,211,24,3,2,6,G16PREDCLI,241248
7213001204,259,290,30,6,5,10,G16PREDCLI,241248
7213001199,200,340,32,5,5,8,G16PREDCLI,241248
7213001202,148,172,16,1,6,4,G16PREDCLI,241248
7243101078,184,224,31,6,11,6,G16PREDCLI,241248
7243101149,440,496,53,6,14,17,G16PREDCLI,241248
6253001153,258,324,35,4,9,7,G16PREDCLI,241248
6243401077,263,288,35,3,12,13,G16PREDCLI,241248
6253001231,699,200,37,23,10,5,G16PREDCLI,241248
6253001230,707,199,44,19,6,19,G16PREDCLI,241248
6255601173,25,51,3,2,1,0,G16PREDCLI,241248
6245601071,292,336,53,4,14,8,G16PREDCLI,241248
6253001232,866,270,47,24,11,18,G16PREDCLI,241248
6253001233,675,250,33,20,6,20,G16PREDCLI,241248
6253001234,506,248,40,9,4,8,G16PREDCLI,241248
6253001237,482,183,30,10,0,14,G16PREDCLI,241248
6253001238,478,320,59,13,9,13,G16PREDCLI,241248
6253001243,174,519,29,0,9,8,G16PREDCLI,241248
7213001225,73,109,5,0,1,2,G16PREDCLI,241248
4253001245,63,259,12,0,0,1,G16PREDCLI,241248
6253001242,84,251,20,2,6,5,G16PREDCLI,241248
4255601241,1,29,1,0,0,0,G16PREDCLI,241248
6253001240,770,305,49,15,7,12,G16PREDCLI,241248
6253001239,446,309,27,13,9,13,G16PREDCLI,241248
6245601072,78,131,8,3,2,1,G16PREDCLI,241248
6255601170,551,370,53,19,6,21,G16PREDCLI,241248
6255601171,540,466,74,13,8,24,G16PREDCLI,241248
6255601172,96,94,7,2,3,4,G16PREDCLI,241248
6255601227,86,201,16,0,1,4,G16PREDCLI,241248
6255601228,220,533,24,5,3,8,G16PREDCLI,241248
6255601244,133,472,20,5,3,10,G16PREDCLI,241248
4255601247,148,630,25,8,10,9,G16PREDCLI,241248
6255601162,262,527,28,2,5,6,G16PREDCLI,241248
6253001236,553,298,36,7,2,15,G16PREDCLI,241248
6253001235,359,131,12,3,3,9,G16PREDCLI,241248
6255601175,368,558,54,12,12,18,G16PREDCLI,241248
6255601176,120,264,30,2,5,4,G16PREDCLI,241248
6255601177,0,0,0,0,0,0,G16PREDCLI,241248
6255601178,0,0,0,0,0,0,G16PREDCLI,241248
6255601163,104,220,8,3,0,3,G16PREDCLI,241248
6245601160,94,194,7,3,4,4,G16PREDCLI,241248
7243501069,434,518,61,6,15,9,G16PREDCLI,241248
6245601073,416,513,47,6,20,7,G16PREDCLI,241248
6253001229,813,199,44,38,5,15,G16PREDCLI,241248
6243401075,685,776,57,14,20,8,G16PREDCLI,241248
6304318209,518,676,59,10,19,5,G16PREDCLI,241248
4304418266,472,853,55,6,11,10,G16PREDCLI,241248
6304318218,396,526,38,4,5,7,G16PREDCLI,241248
6304318231,564,554,84,6,28,18,G16PREDCLI,241248
6303918253,363,343,41,1,17,6,G16PREDCLI,241248
6304318241,473,525,70,6,25,14,G16PREDCLI,241248
6043918310,227,391,38,4,6,6,G16PREDCLI,241248
6304318220,459,390,59,12,12,4,G16PREDCLI,241248
6304318234,359,448,51,8,19,6,G16PREDCLI,241248
6304318215,408,518,67,4,7,4,G16PREDCLI,241248
6304318240,444,477,70,13,25,15,G16PREDCLI,241248
6303918251,383,385,33,2,11,3,G16PREDCLI,241248
6304318229,463,474,70,7,13,6,G16PREDCLI,241248
6304318235,641,701,80,11,19,17,G16PREDCLI,241248
6304318226,458,554,64,4,24,0,G16PREDCLI,241248
6303918247,442,694,67,9,26,2,G16PREDCLI,241248
6304318227,720,840,81,11,25,9,G16PREDCLI,241248
6303918250,453,430,65,9,18,4,G16PREDCLI,241248
6304318230,386,468,59,6,10,9,G16PREDCLI,241248
6304318221,342,399,57,5,18,6,G16PREDCLI,241248
6304318214,229,355,42,0,9,4,G16PREDCLI,241248
6303918243,590,742,59,6,37,22,G16PREDCLI,241248
4304418245,684,927,73,11,13,13,G16PREDCLI,241248
6303918252,548,581,87,17,28,18,G16PREDCLI,241248
6303918255,382,488,38,6,15,3,G16PREDCLI,241248
6304318212,477,564,86,11,25,11,G16PREDCLI,241248
6303918265,310,525,36,2,13,4,G16PREDCLI,241248
6304318244,516,622,68,11,10,9,G16PREDCLI,241248
6304318248,366,502,40,9,15,7,G16PREDCLI,241248
6303918249,484,673,51,6,16,4,G16PREDCLI,241248
4043918317,200,480,36,3,7,6,G16PREDCLI,241248
6304318211,585,542,102,21,33,11,G16PREDCLI,241248
4303918104,123,348,16,4,2,3,G16PREDCLI,241248
6304318222,552,549,83,8,34,5,G16PREDCLI,241248
6304318242,431,402,34,18,13,15,G16PREDCLI,241248
6304318228,361,442,19,5,18,2,G16PREDCLI,241248
6304318216,310,408,31,1,16,5,G16PREDCLI,241248
6304318224,580,702,73,18,23,10,G16PREDCLI,241248
6304318223,659,715,81,15,28,20,G16PREDCLI,241248
6304318237,448,621,62,11,31,11,G16PREDCLI,241248
6304318210,829,757,73,16,16,19,G16PREDCLI,241248
6304318213,429,544,45,6,20,4,G16PREDCLI,241248
6304318217,416,484,56,5,19,8,G16PREDCLI,241248
4304418232,385,502,44,6,19,7,G16PREDCLI,241248
6303918254,732,849,88,8,45,11,G16PREDCLI,241248
6304318239,718,755,85,6,26,12,G16PREDCLI,241248
6304318236,724,820,79,18,29,9,G16PREDCLI,241248
6304318202,522,792,56,7,21,8,G16PREDCLI,241248
6303918256,333,415,25,5,8,5,G16PREDCLI,241248
6304318246,577,648,85,15,22,18,G16PREDCLI,241248
6304318219,386,411,63,7,12,6,G16PREDCLI,241248
6304318225,704,732,115,9,23,22,G16PREDCLI,241248
6304318238,448,599,66,2,12,8,G16PREDCLI,241248
4303918101,238,631,28,15,18,6,G16PREDCLI,241248
4304418208,438,353,61,19,6,3,G16PREDCLI,241248
6304318205,612,796,59,13,13,10,G16PREDCLI,241248
6304318204,429,428,71,8,12,12,G16PREDCLI,241248
6304318203,496,553,71,17,27,12,G16PREDCLI,241248
4044418304,385,587,78,16,11,21,G16PREDCLI,241248
4044418302,585,661,115,17,30,15,G16PREDCLI,241248
4043918306,254,615,44,5,10,6,G16PREDCLI,241248
6043918305,296,610,40,8,18,2,G16PREDCLI,241248
4304418206,310,472,56,12,19,14,G16PREDCLI,241248
6304318201,700,884,54,11,6,10,G16PREDCLI,241248
4304418301,779,777,99,28,20,16,G16PREDCLI,241248
4016362314,396,493,71,16,1,23,G16PREDCLI,241248
4136362304,385,682,49,9,9,11,G16PREDCLI,241248
4016362327,403,708,96,19,21,19,G16PREDCLI,241248
4236362305,202,509,31,10,11,1,G16PREDCLI,241248
4136362300,298,648,35,12,4,16,G16PREDCLI,241248
4016362311,273,1313,66,9,16,15,G16PREDCLI,241248
4016362310,355,1069,60,12,10,17,G16PREDCLI,241248
1330716714,642,66,11,15,3,7,G16PREDCLI,241248
1330716734,717,146,27,15,5,10,G16PREDCLI,241248
1330716726,629,65,10,9,4,8,G16PREDCLI,241248
1330716725,589,79,20,9,0,9,G16PREDCLI,241248
1330716737,554,156,20,15,8,2,G16PREDCLI,241248
1330716741,613,122,32,14,2,5,G16PREDCLI,241248
1330716739,566,147,8,10,3,5,G16PREDCLI,241248
1330716738,624,132,18,7,4,7,G16PREDCLI,241248
1330716731,832,256,42,16,4,9,G16PREDCLI,241248
1330716732,556,126,20,11,1,1,G16PREDCLI,241248
1330716740,606,125,14,4,2,4,G16PREDCLI,241248
1330716742,398,122,39,10,3,3,G16PREDCLI,241248
1310616650,627,225,27,7,2,6,G16PREDCLI,241248
1310616649,923,260,58,36,5,7,G16PREDCLI,241248
1310916906,704,228,34,11,6,3,G16PREDCLI,241248
1310616631,1110,271,85,18,17,14,G16PREDCLI,241248
1310616646,797,232,54,12,7,12,G16PREDCLI,241248
1310616651,627,246,48,22,7,6,G16PREDCLI,241248
1330816840,391,80,24,3,2,2,G16PREDCLI,241248
1330816838,670,122,41,26,12,5,G16PREDCLI,241248
1330616604,853,167,44,19,4,6,G16PREDCLI,241248
1310616615,633,176,36,4,16,5,G16PREDCLI,241248
1330716708,1014,168,67,5,8,2,G16PREDCLI,241248
1330716707,615,126,28,5,7,2,G16PREDCLI,241248
1160116131,500,385,56,13,8,12,G16PREDCLI,241248
1310916938,515,357,48,11,4,5,G16PREDCLI,241248
1310916924,637,149,53,28,9,7,G16PREDCLI,241248
1310916923,739,336,55,25,3,16,G16PREDCLI,241248
1310916930,511,232,50,11,10,4,G16PREDCLI,241248
1310916934,464,194,36,12,6,3,G16PREDCLI,241248
1310916918,780,304,62,19,8,9,G16PREDCLI,241248
1310916919,751,386,26,11,16,14,G16PREDCLI,241248
1310916920,654,330,55,26,10,7,G16PREDCLI,241248
1310916921,865,333,74,28,7,9,G16PREDCLI,241248
1310916910,931,271,68,14,9,4,G16PREDCLI,241248
1310916909,794,248,32,15,11,6,G16PREDCLI,241248
1310916904,725,235,55,14,12,8,G16PREDCLI,241248
1310916912,651,354,54,21,9,7,G16PREDCLI,241248
1310916937,552,335,45,8,7,3,G16PREDCLI,241248
1330716733,699,219,41,12,8,9,G16PREDCLI,241248
1310916935,992,524,146,20,21,16,G16PREDCLI,241248
1330716744,1847,440,138,17,16,5,G16PREDCLI,241248
6293603546,451,249,35,7,9,10,G16PREDCLI,241248
6294203526,395,163,30,13,4,8,G16PREDCLI,241248
6294203525,403,178,31,11,2,6,G16PREDCLI,241248
6293603547,424,327,35,3,4,8,G16PREDCLI,241248
6294203507,389,141,29,13,2,10,G16PREDCLI,241248
6293603545,199,62,12,12,1,3,G16PREDCLI,241248
6294203533,716,249,30,12,6,12,G16PREDCLI,241248
6263803152,395,305,27,7,3,7,G16PREDCLI,241248
6294203524,350,188,31,12,3,7,G16PREDCLI,241248
6294203532,547,122,36,12,5,5,G16PREDCLI,241248
6294203510,326,187,24,8,4,1,G16PREDCLI,241248
6294203509,286,154,19,10,3,4,G16PREDCLI,241248
6294203523,559,321,38,8,7,10,G16PREDCLI,241248
6294203512,525,122,20,14,5,7,G16PREDCLI,241248
6294203513,496,151,38,10,6,5,G16PREDCLI,241248
6293603544,558,176,37,21,0,8,G16PREDCLI,241248
6294203535,452,191,23,11,6,7,G16PREDCLI,241248
6294203534,483,78,29,16,2,5,G16PREDCLI,241248
6294203521,395,180,22,9,4,5,G16PREDCLI,241248
6294203520,389,243,32,8,3,7,G16PREDCLI,241248
6294203522,433,247,34,15,5,6,G16PREDCLI,241248
6294203515,447,233,36,7,4,6,G16PREDCLI,241248
6293603542,356,90,19,15,1,3,G16PREDCLI,241248
6293603541,371,132,27,5,5,7,G16PREDCLI,241248
6293603543,438,200,20,6,11,10,G16PREDCLI,241248
6293603552,434,144,33,14,0,7,G16PREDCLI,241248
6293603553,591,299,39,14,7,10,G16PREDCLI,241248
6294203518,336,137,17,10,2,9,G16PREDCLI,241248
6294203519,337,140,27,3,9,3,G16PREDCLI,241248
6294203536,352,94,25,5,2,3,G16PREDCLI,241248
6293603540,311,204,21,3,7,12,G16PREDCLI,241248
6293603555,441,195,34,10,4,10,G16PREDCLI,241248
6293603554,485,264,40,16,2,12,G16PREDCLI,241248
6293603539,504,249,44,14,5,14,G16PREDCLI,241248
6293603538,491,287,38,9,3,11,G16PREDCLI,241248
6293603537,542,212,43,22,8,9,G16PREDCLI,241248
6284203435,589,289,47,10,5,14,G16PREDCLI,241248
6284203434,546,253,45,8,5,10,G16PREDCLI,241248
6284103433,445,238,36,9,10,3,G16PREDCLI,241248
6284103432,609,187,48,8,7,15,G16PREDCLI,241248
6293603559,353,273,44,13,4,4,G16PREDCLI,241248
6293603558,456,222,23,3,10,12,G16PREDCLI,241248
6264103417,536,249,41,9,4,10,G16PREDCLI,241248
6283603343,622,521,78,18,16,14,G16PREDCLI,241248
6283603341,829,736,122,24,22,24,G16PREDCLI,241248
6284203436,717,173,44,22,4,5,G16PREDCLI,241248
6284103431,293,152,29,5,1,4,G16PREDCLI,241248
6264103418,448,240,26,17,9,11,G16PREDCLI,241248
6264103412,386,125,30,9,0,5,G16PREDCLI,241248
6293603560,205,98,24,5,3,2,G16PREDCLI,241248
6293603474,320,155,32,14,5,9,G16PREDCLI,241248
6284103437,593,344,36,17,8,12,G16PREDCLI,241248
6284003473,713,407,55,10,4,21,G16PREDCLI,241248
6284003472,482,276,50,11,5,13,G16PREDCLI,241248
6284103471,376,300,46,7,7,8,G16PREDCLI,241248
6284103470,534,272,51,14,8,6,G16PREDCLI,241248
6284103438,363,287,44,9,2,12,G16PREDCLI,241248
6284103430,521,237,42,12,6,11,G16PREDCLI,241248
6284103429,483,197,37,11,5,8,G16PREDCLI,241248
6284103420,832,341,51,14,15,7,G16PREDCLI,241248
6284103427,682,451,33,18,12,15,G16PREDCLI,241248
6284103469,348,180,43,8,8,13,G16PREDCLI,241248
6284103428,499,274,37,12,7,10,G16PREDCLI,241248
6284103439,379,310,48,9,12,5,G16PREDCLI,241248
6284103422,318,183,22,9,3,5,G16PREDCLI,241248
6284103421,272,163,19,8,3,4,G16PREDCLI,241248
6284003302,525,411,39,12,5,13,G16PREDCLI,241248
6284103301,292,181,19,9,6,5,G16PREDCLI,241248
6284103444,237,219,28,6,6,5,G16PREDCLI,241248
6284003315,551,442,89,29,12,10,G16PREDCLI,241248
6284003304,364,258,25,17,9,10,G16PREDCLI,241248
6284003303,402,270,36,11,9,10,G16PREDCLI,241248
6284103468,296,266,42,7,8,8,G16PREDCLI,241248
6284103467,365,264,39,13,12,9,G16PREDCLI,241248
6284103440,360,331,18,2,1,9,G16PREDCLI,241248
6264103442,329,301,19,1,9,4,G16PREDCLI,241248
6264103426,357,224,23,5,6,5,G16PREDCLI,241248
6284003313,403,346,54,14,8,11,G16PREDCLI,241248
6284003314,298,221,42,11,10,8,G16PREDCLI,241248
6284103441,343,402,7,0,6,1,G16PREDCLI,241248
6264103443,256,220,12,5,2,6,G16PREDCLI,241248
6284103465,242,252,32,6,14,6,G16PREDCLI,241248
6284103445,279,212,29,11,4,9,G16PREDCLI,241248
6284103466,343,272,32,11,6,6,G16PREDCLI,241248
6284003306,310,326,29,11,4,7,G16PREDCLI,241248
6284003318,367,200,54,14,8,14,G16PREDCLI,241248
6284003316,297,230,34,9,18,6,G16PREDCLI,241248
6284003267,403,372,39,13,9,10,G16PREDCLI,241248
6284003309,517,404,59,11,8,9,G16PREDCLI,241248
6284003308,474,320,58,12,11,10,G16PREDCLI,241248
6284003464,390,264,45,14,1,10,G16PREDCLI,241248
6284003462,495,379,61,19,6,6,G16PREDCLI,241248
6284003447,424,191,48,14,11,4,G16PREDCLI,241248
6284003446,324,293,25,11,9,3,G16PREDCLI,241248
6284003317,377,314,54,13,12,11,G16PREDCLI,241248
6284003463,542,487,74,19,7,18,G16PREDCLI,241248
6284003266,372,364,50,6,12,10,G16PREDCLI,241248
6284003265,404,251,54,11,7,14,G16PREDCLI,241248
6284003448,747,450,69,23,11,12,G16PREDCLI,241248
6284003319,302,268,55,10,8,16,G16PREDCLI,241248
6284003461,507,361,77,14,4,8,G16PREDCLI,241248
6284003449,356,198,33,11,5,5,G16PREDCLI,241248
6284003268,345,287,41,6,8,6,G16PREDCLI,241248
6284003269,406,270,42,23,9,12,G16PREDCLI,241248
6284003459,302,257,54,6,8,12,G16PREDCLI,241248
6284003460,462,271,49,9,4,8,G16PREDCLI,241248
6284003451,176,177,29,12,9,3,G16PREDCLI,241248
1260303131,403,444,36,2,6,1,G16PREDCLI,241248
6284003452,323,248,30,4,16,13,G16PREDCLI,241248
6284003450,825,520,103,22,18,12,G16PREDCLI,241248
6284003456,471,389,58,13,9,11,G16PREDCLI,241248
6284003272,338,320,42,8,11,4,G16PREDCLI,241248
1260303124,448,335,51,16,14,17,G16PREDCLI,241248
6284003273,345,296,39,12,12,6,G16PREDCLI,241248
6284003271,291,242,48,12,6,8,G16PREDCLI,241248
6273703320,592,514,88,19,19,9,G16PREDCLI,241248
6284003305,574,406,29,16,2,10,G16PREDCLI,241248
6284003307,310,148,33,7,2,4,G16PREDCLI,241248
6284003454,489,299,36,11,10,6,G16PREDCLI,241248
6284003270,345,258,60,10,7,7,G16PREDCLI,241248
6263803151,363,268,33,14,9,7,G16PREDCLI,241248
6273703277,325,311,60,7,10,11,G16PREDCLI,241248
6273703264,563,401,47,4,12,10,G16PREDCLI,241248
6273703321,521,513,61,13,11,8,G16PREDCLI,241248
6273703274,470,434,46,12,14,11,G16PREDCLI,241248
6273703275,266,207,28,8,9,6,G16PREDCLI,241248
6264003455,205,118,22,1,0,2,G16PREDCLI,241248
6260303203,280,361,33,6,5,2,G16PREDCLI,241248
6260303201,136,175,15,0,1,1,G16PREDCLI,241248
6260303128,187,148,19,6,2,7,G16PREDCLI,241248
1260303125,260,136,47,9,1,2,G16PREDCLI,241248
6260303162,358,226,47,16,15,13,G16PREDCLI,241248
6260303143,287,252,46,16,4,8,G16PREDCLI,241248
6273703276,108,110,9,6,2,2,G16PREDCLI,241248
6273703262,575,434,55,9,16,15,G16PREDCLI,241248
6260303126,270,175,50,8,3,6,G16PREDCLI,241248
6273703279,437,392,43,5,12,6,G16PREDCLI,241248
6273703263,410,383,45,3,13,8,G16PREDCLI,241248
6260303161,312,251,40,11,3,8,G16PREDCLI,241248
6273703280,488,417,45,7,9,14,G16PREDCLI,241248
6273703278,193,190,33,5,7,1,G16PREDCLI,241248
6260303249,413,291,36,3,8,3,G16PREDCLI,241248
6260303202,142,153,8,1,3,3,G16PREDCLI,241248
6263803163,358,268,27,11,11,10,G16PREDCLI,241248
6263803145,236,263,34,19,10,3,G16PREDCLI,241248
6273703322,506,416,44,11,9,7,G16PREDCLI,241248
6273703281,480,410,52,11,13,7,G16PREDCLI,241248
6263803154,457,301,68,22,21,12,G16PREDCLI,241248
6273703333,264,277,50,5,7,2,G16PREDCLI,241248
6273803164,305,305,32,11,13,9,G16PREDCLI,241248
6263803160,362,299,51,21,18,9,G16PREDCLI,241248
6263803159,306,234,37,12,5,11,G16PREDCLI,241248
6263803158,377,329,57,11,9,8,G16PREDCLI,241248
6263803150,439,501,57,16,35,6,G16PREDCLI,241248
6273703261,557,522,42,12,17,15,G16PREDCLI,241248
6270303245,284,142,22,4,0,0,G16PREDCLI,241248
6273703228,301,261,33,9,5,6,G16PREDCLI,241248
6273703227,329,239,27,12,7,0,G16PREDCLI,241248
6273803209,452,378,55,4,4,6,G16PREDCLI,241248
6273803205,299,235,38,5,10,1,G16PREDCLI,241248
6273803208,467,439,65,16,18,6,G16PREDCLI,241248
6273803206,346,295,61,9,10,9,G16PREDCLI,241248
6273803181,260,258,39,8,5,6,G16PREDCLI,241248
6273803180,332,308,43,14,4,3,G16PREDCLI,241248
6273703244,394,361,42,8,5,6,G16PREDCLI,241248
6270303248,318,188,29,5,5,4,G16PREDCLI,241248
6260303234,169,111,17,6,2,0,G16PREDCLI,241248
6273803210,640,562,67,14,12,11,G16PREDCLI,241248
6273703325,469,881,75,6,22,8,G16PREDCLI,241248
6263803166,207,155,25,1,3,2,G16PREDCLI,241248
6273703233,362,209,44,15,6,10,G16PREDCLI,241248
6273703226,356,201,31,6,7,8,G16PREDCLI,241248
6273703225,452,339,39,5,7,6,G16PREDCLI,241248
6273803207,497,380,47,18,10,13,G16PREDCLI,241248
6263803165,422,387,50,11,19,14,G16PREDCLI,241248
6273803179,271,263,44,8,7,4,G16PREDCLI,241248
6263803155,493,493,46,11,21,9,G16PREDCLI,241248
6273803182,406,335,47,12,11,9,G16PREDCLI,241248
6263803157,313,225,27,13,12,3,G16PREDCLI,241248
6263803167,372,333,39,9,14,4,G16PREDCLI,241248
6273703324,180,302,26,4,9,0,G16PREDCLI,241248
6263803168,419,365,40,5,12,5,G16PREDCLI,241248
6273703236,283,229,36,15,11,3,G16PREDCLI,241248
6273703235,307,234,40,13,8,8,G16PREDCLI,241248
6273703224,404,298,36,13,6,8,G16PREDCLI,241248
6273803197,325,243,24,3,9,5,G16PREDCLI,241248
6273703223,382,362,38,7,5,4,G16PREDCLI,241248
6273803211,314,346,56,11,8,8,G16PREDCLI,241248
6273803212,507,457,58,16,28,7,G16PREDCLI,241248
6273803183,526,469,64,18,13,11,G16PREDCLI,241248
6273803196,300,214,24,2,4,3,G16PREDCLI,241248
6273803178,313,273,46,11,9,14,G16PREDCLI,241248
6263803156,201,190,26,4,9,4,G16PREDCLI,241248
6273803194,490,426,67,10,13,8,G16PREDCLI,241248
6263803169,434,399,43,7,26,10,G16PREDCLI,241248
6273703222,388,354,38,5,21,4,G16PREDCLI,241248
6273703221,312,354,35,3,12,7,G16PREDCLI,241248
6273803185,367,323,43,9,21,15,G16PREDCLI,241248
6273803195,484,371,41,6,10,4,G16PREDCLI,241248
6273803184,254,330,30,7,14,4,G16PREDCLI,241248
6273803177,340,406,41,6,21,5,G16PREDCLI,241248
6273803214,341,341,43,3,12,3,G16PREDCLI,241248
6273703238,349,292,44,5,19,8,G16PREDCLI,241248
6273803213,388,390,68,9,12,7,G16PREDCLI,241248
6273703237,521,424,43,7,7,9,G16PREDCLI,241248
6273703220,424,311,45,2,11,4,G16PREDCLI,241248
6273803219,459,452,62,9,26,0,G16PREDCLI,241248
6263803171,331,293,39,6,21,2,G16PREDCLI,241248
6273803216,367,399,29,6,16,3,G16PREDCLI,241248
6273803187,371,353,48,6,13,6,G16PREDCLI,241248
6273803193,377,316,30,6,8,14,G16PREDCLI,241248
6273803192,369,479,37,7,14,8,G16PREDCLI,241248
6273803186,394,362,50,9,17,11,G16PREDCLI,241248
6263803172,290,334,55,4,12,2,G16PREDCLI,241248
6263803174,447,349,45,3,21,6,G16PREDCLI,241248
6273703332,360,403,66,17,9,9,G16PREDCLI,241248
6273703339,492,426,60,11,27,8,G16PREDCLI,241248
6273703338,389,304,54,13,14,8,G16PREDCLI,241248
6273703283,392,281,38,6,9,1,G16PREDCLI,241248
6294203508,320,116,16,6,6,7,G16PREDCLI,241248
1260303133,343,504,53,1,5,0,G16PREDCLI,241248
6260303204,566,770,44,5,10,6,G16PREDCLI,241248
6263803149,332,673,36,5,5,4,G16PREDCLI,241248
6273703328,80,155,14,1,2,1,G16PREDCLI,241248
6295603329,708,812,81,15,18,8,G16PREDCLI,241248
6295603353,671,642,68,4,18,12,G16PREDCLI,241248
6273703239,412,302,32,14,16,7,G16PREDCLI,241248
6295603327,478,513,33,7,9,3,G16PREDCLI,241248
6273603337,522,441,83,13,13,12,G16PREDCLI,241248
6274003457,0,0,0,0,0,0,G16PREDCLI,241248
6264003258,133,95,19,2,5,3,G16PREDCLI,241248
6264003323,8,18,1,0,1,1,G16PREDCLI,241248
6270303246,538,307,39,5,13,3,G16PREDCLI,241248
6260303256,0,0,0,0,0,0,G16PREDCLI,241248
6264003453,256,217,7,3,2,4,G16PREDCLI,241248
6273703458,0,0,0,0,0,0,G16PREDCLI,241248
6260303127,49,28,5,1,0,0,G16PREDCLI,241248
6283603349,0,0,0,0,0,0,G16PREDCLI,241248
6270303252,707,461,38,7,17,3,G16PREDCLI,241248
6270303251,740,455,50,8,8,8,G16PREDCLI,241248
6273703282,601,464,55,6,23,8,G16PREDCLI,241248
6270303250,511,328,47,4,5,2,G16PREDCLI,241248
6270303247,762,427,71,17,9,12,G16PREDCLI,241248
6273703367,446,487,57,12,17,9,G16PREDCLI,241248
6273703259,660,509,88,15,29,7,G16PREDCLI,241248
6295603354,518,669,73,14,18,8,G16PREDCLI,241248
6285603352,854,775,90,14,14,10,G16PREDCLI,241248
6273703257,519,419,32,5,6,5,G16PREDCLI,241248
6283603370,602,439,61,12,10,11,G16PREDCLI,241248
6283603371,411,304,20,5,3,3,G16PREDCLI,241248
6285603373,606,643,75,6,22,11,G16PREDCLI,241248
6273703284,266,237,33,7,4,2,G16PREDCLI,241248
6273703285,275,301,26,4,9,5,G16PREDCLI,241248
6273703331,229,297,36,1,2,2,G16PREDCLI,241248
6283603369,342,316,48,5,4,9,G16PREDCLI,241248
6293603374,600,622,80,13,14,10,G16PREDCLI,241248
6295603375,316,424,33,6,13,9,G16PREDCLI,241248
6273703334,679,664,88,25,29,7,G16PREDCLI,241248
6295603330,686,692,56,10,11,9,G16PREDCLI,241248
6273603335,620,509,64,9,17,7,G16PREDCLI,241248
6273603336,530,524,74,6,27,14,G16PREDCLI,241248
6273603368,259,200,39,8,4,1,G16PREDCLI,241248
6283603351,606,613,90,6,23,15,G16PREDCLI,241248
6283603342,634,559,79,12,9,16,G16PREDCLI,241248
6283603340,521,438,53,9,22,9,G16PREDCLI,241248
4283603350,0,0,0,0,0,0,G16PREDCLI,241248
4293603358,10,11,3,0,0,0,G16PREDCLI,241248
6293603345,148,132,8,2,5,2,G16PREDCLI,241248
6284003311,724,452,59,11,9,10,G16PREDCLI,241248
6283603344,647,550,60,10,7,10,G16PREDCLI,241248
6293603551,344,171,25,7,2,5,G16PREDCLI,241248
6283603561,0,0,0,0,0,0,G16PREDCLI,241248
6293603557,712,450,82,11,18,16,G16PREDCLI,241248
6293603556,497,343,62,7,10,13,G16PREDCLI,241248
6284003310,812,368,54,20,4,23,G16PREDCLI,241248
6284003312,763,384,74,26,20,25,G16PREDCLI,241248
4283603348,0,0,0,0,0,0,G16PREDCLI,241248
6295603355,537,529,68,5,10,11,G16PREDCLI,241248
6260303153,595,377,84,22,14,17,G16PREDCLI,241248
6283603372,625,631,84,10,23,16,G16PREDCLI,241248
6264103413,608,166,48,19,10,8,G16PREDCLI,241248
6260303231,883,648,117,24,14,4,G16PREDCLI,241248
6260303232,716,564,41,7,9,5,G16PREDCLI,241248
6263803173,615,549,62,9,25,8,G16PREDCLI,241248
6264103404,208,54,16,6,2,4,G16PREDCLI,241248
6264103407,950,423,95,35,6,8,G16PREDCLI,241248
6264103409,523,142,24,8,2,3,G16PREDCLI,241248
6264103408,1203,308,60,23,10,15,G16PREDCLI,241248
6260303229,534,430,45,1,15,4,G16PREDCLI,241248
1260303135,174,137,17,3,3,0,G16PREDCLI,241248
6293603548,224,55,10,6,2,4,G16PREDCLI,241248
6293603549,224,112,16,9,1,5,G16PREDCLI,241248
6294203530,483,128,31,8,8,9,G16PREDCLI,241248
6294203531,365,145,21,15,4,12,G16PREDCLI,241248
6294203529,142,33,10,6,1,1,G16PREDCLI,241248
6294203527,488,209,33,15,9,8,G16PREDCLI,241248
6294203506,574,181,32,11,1,13,G16PREDCLI,241248
6294203528,229,98,20,8,5,6,G16PREDCLI,241248
6294203517,351,156,18,12,1,6,G16PREDCLI,241248
6294203503,782,209,45,26,8,7,G16PREDCLI,241248
6294203514,370,111,23,12,4,5,G16PREDCLI,241248
6294203516,335,154,18,11,3,5,G16PREDCLI,241248
6294203505,455,143,24,16,6,10,G16PREDCLI,241248
6294203511,564,125,21,13,7,10,G16PREDCLI,241248
6264103416,738,412,41,14,16,14,G16PREDCLI,241248
6294203504,434,140,26,10,2,2,G16PREDCLI,241248
6264103411,765,227,37,22,9,7,G16PREDCLI,241248
6264103405,502,146,23,15,8,2,G16PREDCLI,241248
6264003255,515,287,49,12,6,7,G16PREDCLI,241248
6264103406,272,70,20,10,1,2,G16PREDCLI,241248
6264103419,494,306,18,5,4,9,G16PREDCLI,241248
6264103423,702,349,59,18,10,7,G16PREDCLI,241248
6264103414,469,217,27,15,7,10,G16PREDCLI,241248
6260303254,210,137,20,4,4,2,G16PREDCLI,241248
6264003424,0,0,0,0,0,0,G16PREDCLI,241248
6273803189,464,408,50,8,23,11,G16PREDCLI,241248
6273803188,272,237,36,0,14,7,G16PREDCLI,241248
6273803191,432,461,68,5,22,3,G16PREDCLI,241248
6273803190,495,417,66,15,11,7,G16PREDCLI,241248
6273803217,376,299,54,14,10,7,G16PREDCLI,241248
6273803215,252,309,32,1,8,3,G16PREDCLI,241248
6273703241,491,319,42,4,17,8,G16PREDCLI,241248
6273703218,377,282,37,12,10,5,G16PREDCLI,241248
6273703240,611,451,74,12,22,7,G16PREDCLI,241248
6273703242,373,253,31,2,15,2,G16PREDCLI,241248
6295603326,393,807,31,5,8,15,G16PREDCLI,241248
6273703260,584,549,68,17,18,22,G16PREDCLI,241248
4295603357,0,0,0,0,0,0,G16PREDCLI,241248
6295603376,493,665,31,2,4,6,G16PREDCLI,241248
6295603356,101,137,16,2,1,3,G16PREDCLI,241248
6295603377,369,557,53,5,6,1,G16PREDCLI,241248
4293603361,0,0,0,0,0,0,G16PREDCLI,241248
6293603360,120,145,17,11,1,7,G16PREDCLI,241248
6293603550,28,29,2,4,0,1,G16PREDCLI,241248
6293603346,461,506,66,5,5,13,G16PREDCLI,241248
6264103425,629,320,51,12,16,10,G16PREDCLI,241248
6263803170,461,472,71,17,21,10,G16PREDCLI,241248
6263803147,323,409,45,6,9,11,G16PREDCLI,241248
6263803148,217,272,21,5,6,1,G16PREDCLI,241248
6263803144,286,340,33,5,17,9,G16PREDCLI,241248
6263803146,305,362,39,1,5,4,G16PREDCLI,241248
6263803142,404,330,44,9,13,7,G16PREDCLI,241248
1263803141,204,185,24,6,2,1,G16PREDCLI,241248
1260303122,285,238,36,9,6,4,G16PREDCLI,241248
1260303140,179,170,19,4,6,4,G16PREDCLI,241248
6260303253,693,598,62,12,11,5,G16PREDCLI,241248
6264103403,418,122,39,16,3,5,G16PREDCLI,241248
6273703243,889,648,117,20,26,10,G16PREDCLI,241248
6293603347,646,635,87,16,25,21,G16PREDCLI,241248
6264103415,0,0,0,0,0,0,G16PREDCLI,241248
6264103401,716,218,29,19,2,12,G16PREDCLI,241248
6263803176,425,329,41,5,11,8,G16PREDCLI,241248
6263803175,364,300,27,13,10,2,G16PREDCLI,241248
6264103410,636,226,15,12,5,5,G16PREDCLI,241248
