PRECCODE,G20PREDBID,G20PRERTRU,G20PRELJOR,G20PREGHAW,G20PRESLAR,G20PRESKEN,G20PREOWRI,Winner,Winner Votes
31929,772,641,35,7,0,0,8,G20PREDBID,246619
114,109,51,4,3,1,0,2,G20PREDBID,246619
1230,175,182,1,0,0,0,4,G20PREDBID,246619
1130,445,139,2,3,0,0,3,G20PREDBID,246619
1127,361,209,16,2,0,0,3,G20PREDBID,246619
1139,256,348,9,0,0,1,8,G20PREDBID,246619
1114,16,11,2,0,0,0,0,G20PREDBID,246619
1113,150,87,5,2,0,0,1,G20PREDBID,246619
1117,245,102,4,4,0,0,4,G20PREDBID,246619
1153,244,187,10,2,1,0,4,G20PREDBID,246619
1159,330,395,19,3,0,0,4,G20PREDBID,246619
1145,410,269,21,3,0,0,1,G20PREDBID,246619
1141,342,303,14,4,0,0,7,G20PREDBID,246619
1121,144,86,6,0,0,0,1,G20PREDBID,246619
1151,270,169,12,3,0,0,2,G20PREDBID,246619
1035,256,323,9,3,0,0,4,G20PREDBID,246619
932,229,253,5,3,0,0,5,G20PREDBID,246619
1097,216,124,9,4,1,0,4,G20PREDBID,246619
927,326,158,14,1,0,0,7,G20PREDBID,246619
919,412,267,21,4,0,0,4,G20PREDBID,246619
958,220,167,7,1,1,0,3,G20PREDBID,246619
1188,245,368,10,2,1,1,2,G20PREDBID,246619
1152,346,166,7,5,0,1,6,G20PREDBID,246619
1195,107,172,3,1,0,0,2,G20PREDBID,246619
1172,410,281,16,0,0,0,7,G20PREDBID,246619
1183,301,160,9,0,1,0,4,G20PREDBID,246619
1024,155,176,12,3,0,0,4,G20PREDBID,246619
1216,219,324,7,2,0,0,1,G20PREDBID,246619
1218,439,265,20,3,1,1,5,G20PREDBID,246619
1198,209,138,4,2,0,0,1,G20PREDBID,246619
1203,398,298,16,3,1,0,11,G20PREDBID,246619
1208,458,161,9,3,0,0,4,G20PREDBID,246619
812,397,186,13,2,0,0,4,G20PREDBID,246619
816,445,234,12,3,0,0,10,G20PREDBID,246619
798,440,297,11,1,1,0,3,G20PREDBID,246619
799,214,108,12,0,0,0,3,G20PREDBID,246619
800,486,185,12,4,2,1,5,G20PREDBID,246619
801,171,152,13,1,0,0,3,G20PREDBID,246619
840,429,197,12,2,1,0,6,G20PREDBID,246619
823,329,347,19,1,1,2,6,G20PREDBID,246619
822,405,284,12,3,1,4,8,G20PREDBID,246619
835,385,205,5,4,0,0,4,G20PREDBID,246619
825,152,107,5,2,0,0,3,G20PREDBID,246619
1107,178,215,13,0,0,0,0,G20PREDBID,246619
1062,311,433,26,2,0,0,1,G20PREDBID,246619
1066,170,155,4,1,0,0,3,G20PREDBID,246619
1102,525,243,10,1,0,0,4,G20PREDBID,246619
1070,281,128,12,1,0,0,5,G20PREDBID,246619
1099,408,325,12,3,0,1,11,G20PREDBID,246619
1088,248,167,11,3,0,0,3,G20PREDBID,246619
1110,414,305,17,6,0,1,4,G20PREDBID,246619
1084,249,378,14,4,0,0,1,G20PREDBID,246619
1068,271,282,22,2,0,1,3,G20PREDBID,246619
1096,401,272,21,2,0,1,5,G20PREDBID,246619
717,386,255,9,1,2,2,4,G20PREDBID,246619
709,226,347,4,1,0,1,1,G20PREDBID,246619
703,394,226,19,1,0,0,6,G20PREDBID,246619
753,334,223,5,1,1,0,0,G20PREDBID,246619
741,201,251,12,3,0,1,4,G20PREDBID,246619
742,178,83,14,0,0,0,4,G20PREDBID,246619
839,130,210,13,2,0,0,0,G20PREDBID,246619
912,63,54,4,1,0,0,0,G20PREDBID,246619
881,200,315,9,5,0,0,1,G20PREDBID,246619
885,120,150,4,0,0,0,3,G20PREDBID,246619
858,270,174,10,2,2,0,5,G20PREDBID,246619
859,557,285,20,5,0,1,6,G20PREDBID,246619
909,568,226,15,3,2,0,7,G20PREDBID,246619
910,418,288,12,4,0,2,2,G20PREDBID,246619
887,418,344,13,3,0,1,2,G20PREDBID,246619
886,310,310,14,2,0,1,5,G20PREDBID,246619
123,16,43,0,1,0,0,0,G20PREDBID,246619
175,469,647,14,1,1,1,6,G20PREDBID,246619
210,436,205,12,5,0,0,3,G20PREDBID,246619
182,346,398,6,2,1,0,7,G20PREDBID,246619
155,140,210,11,1,2,0,3,G20PREDBID,246619
125,492,389,10,4,0,0,6,G20PREDBID,246619
56,198,376,7,2,0,0,2,G20PREDBID,246619
146,55,123,5,0,0,0,0,G20PREDBID,246619
157,285,532,15,2,0,1,4,G20PREDBID,246619
162,28,37,1,0,0,0,0,G20PREDBID,246619
126,102,50,2,1,3,0,1,G20PREDBID,246619
147,259,585,21,1,2,1,3,G20PREDBID,246619
120,234,351,7,1,0,0,5,G20PREDBID,246619
134,282,627,19,2,1,0,5,G20PREDBID,246619
122,169,132,3,1,0,0,2,G20PREDBID,246619
430,481,557,12,0,1,0,7,G20PREDBID,246619
110,296,271,13,1,0,1,3,G20PREDBID,246619
112,22,25,0,0,0,0,1,G20PREDBID,246619
3504,6,14,0,0,0,0,0,G20PREDBID,246619
4106,181,402,12,7,0,0,0,G20PREDBID,246619
4115,144,451,10,2,0,0,0,G20PREDBID,246619
5202,7,0,0,0,0,1,0,G20PREDBID,246619
116,123,113,3,2,0,0,2,G20PREDBID,246619
2840,230,246,6,1,0,2,5,G20PREDBID,246619
2839,366,289,15,3,0,0,2,G20PREDBID,246619
2683,442,230,20,2,0,0,6,G20PREDBID,246619
2667,417,146,10,4,2,0,3,G20PREDBID,246619
2666,363,163,14,2,0,0,2,G20PREDBID,246619
2703,229,140,7,3,0,1,0,G20PREDBID,246619
2700,111,55,8,0,0,0,2,G20PREDBID,246619
2693,561,198,14,3,2,0,6,G20PREDBID,246619
2704,490,279,15,2,2,0,3,G20PREDBID,246619
2692,249,114,9,0,0,0,3,G20PREDBID,246619
2702,252,146,8,3,0,0,4,G20PREDBID,246619
2690,407,161,9,1,1,0,4,G20PREDBID,246619
2684,197,80,5,0,0,0,2,G20PREDBID,246619
2701,257,192,9,4,0,3,2,G20PREDBID,246619
2733,473,149,17,1,1,0,6,G20PREDBID,246619
2575,482,180,12,0,0,0,2,G20PREDBID,246619
2589,451,263,18,4,0,1,3,G20PREDBID,246619
2584,429,287,18,8,0,1,5,G20PREDBID,246619
2573,278,210,12,0,0,0,3,G20PREDBID,246619
2566,451,204,18,4,0,0,4,G20PREDBID,246619
2564,515,132,12,4,0,0,8,G20PREDBID,246619
2576,199,280,8,3,0,0,3,G20PREDBID,246619
2563,370,167,12,4,0,0,2,G20PREDBID,246619
2568,215,145,9,1,1,0,6,G20PREDBID,246619
2603,421,290,25,1,0,0,3,G20PREDBID,246619
2567,220,96,7,4,0,0,2,G20PREDBID,246619
2802,100,77,2,0,0,0,0,G20PREDBID,246619
2605,257,101,6,1,0,0,5,G20PREDBID,246619
2602,422,150,15,2,0,0,12,G20PREDBID,246619
2586,352,237,25,4,0,1,2,G20PREDBID,246619
2599,420,267,8,2,0,0,4,G20PREDBID,246619
2585,247,147,5,0,0,0,1,G20PREDBID,246619
2831,425,267,25,2,0,0,1,G20PREDBID,246619
2837,268,445,16,3,0,1,10,G20PREDBID,246619
2832,200,281,11,3,0,1,4,G20PREDBID,246619
2803,345,120,7,2,0,0,2,G20PREDBID,246619
2816,375,207,9,1,0,0,2,G20PREDBID,246619
2813,361,147,11,1,1,0,3,G20PREDBID,246619
2810,254,161,8,0,0,0,4,G20PREDBID,246619
2806,293,86,5,1,0,0,0,G20PREDBID,246619
2804,322,199,14,3,0,0,3,G20PREDBID,246619
2856,360,252,16,5,0,0,2,G20PREDBID,246619
2841,196,162,14,1,0,0,3,G20PREDBID,246619
2838,376,203,14,6,0,1,6,G20PREDBID,246619
2843,305,200,12,1,0,0,4,G20PREDBID,246619
2834,319,175,10,5,1,0,4,G20PREDBID,246619
2491,467,235,13,3,0,0,4,G20PREDBID,246619
2486,371,148,12,0,0,0,1,G20PREDBID,246619
2477,244,237,8,1,0,0,5,G20PREDBID,246619
2723,321,238,3,2,0,2,1,G20PREDBID,246619
2720,383,384,10,1,0,0,2,G20PREDBID,246619
2718,431,136,7,4,0,0,5,G20PREDBID,246619
2729,221,156,5,0,0,0,2,G20PREDBID,246619
2721,175,177,8,1,2,1,2,G20PREDBID,246619
2707,238,141,7,0,1,0,6,G20PREDBID,246619
2705,238,120,4,2,1,0,4,G20PREDBID,246619
2711,258,233,15,4,1,0,2,G20PREDBID,246619
2746,232,220,5,1,0,0,4,G20PREDBID,246619
2741,295,252,10,0,0,0,7,G20PREDBID,246619
2710,408,179,9,2,0,0,7,G20PREDBID,246619
2565,304,108,10,2,0,0,0,G20PREDBID,246619
2748,417,312,26,3,0,3,2,G20PREDBID,246619
2742,387,254,25,1,0,1,5,G20PREDBID,246619
2728,252,106,1,1,0,0,5,G20PREDBID,246619
2740,217,151,7,0,0,0,1,G20PREDBID,246619
2736,316,196,13,0,0,0,7,G20PREDBID,246619
2726,275,132,8,2,3,0,3,G20PREDBID,246619
2390,287,189,12,1,1,4,2,G20PREDBID,246619
2384,237,210,4,2,0,0,2,G20PREDBID,246619
2381,443,257,21,2,0,2,8,G20PREDBID,246619
2399,169,101,4,1,0,0,1,G20PREDBID,246619
2391,139,243,10,2,0,0,2,G20PREDBID,246619
2389,156,185,7,0,0,0,1,G20PREDBID,246619
2413,349,368,11,3,0,0,5,G20PREDBID,246619
2614,250,221,10,0,1,0,6,G20PREDBID,246619
2409,557,263,1,0,0,0,0,G20PREDBID,246619
2417,33,26,6,0,0,0,0,G20PREDBID,246619
2405,251,335,17,0,2,0,4,G20PREDBID,246619
2401,393,190,5,0,0,0,3,G20PREDBID,246619
2407,244,237,7,1,0,0,5,G20PREDBID,246619
2615,267,389,10,1,0,0,3,G20PREDBID,246619
2620,370,119,12,0,0,0,4,G20PREDBID,246619
2606,460,304,9,5,0,1,5,G20PREDBID,246619
2616,138,75,1,0,1,1,4,G20PREDBID,246619
2478,277,184,4,0,0,0,0,G20PREDBID,246619
2460,351,357,17,1,0,0,2,G20PREDBID,246619
2459,560,226,9,2,1,0,3,G20PREDBID,246619
2551,244,105,1,0,1,1,1,G20PREDBID,246619
2404,282,181,14,5,0,1,6,G20PREDBID,246619
2446,423,326,11,2,1,0,4,G20PREDBID,246619
2403,350,122,8,3,1,1,3,G20PREDBID,246619
2450,305,163,13,0,0,0,9,G20PREDBID,246619
2441,372,176,8,5,1,0,0,G20PREDBID,246619
2469,376,168,10,2,0,0,6,G20PREDBID,246619
2461,397,123,9,0,0,0,6,G20PREDBID,246619
156,49,57,1,0,0,0,0,G20PREDBID,246619
161,29,46,3,1,0,0,0,G20PREDBID,246619
420,321,361,15,5,1,0,8,G20PREDBID,246619
158,107,152,5,1,0,0,2,G20PREDBID,246619
159,6,9,0,0,0,0,0,G20PREDBID,246619
171,13,26,0,0,0,0,1,G20PREDBID,246619
144,10,23,0,0,0,0,0,G20PREDBID,246619
164,66,247,4,0,0,0,0,G20PREDBID,246619
165,66,179,1,2,0,0,0,G20PREDBID,246619
149,112,187,8,1,0,0,3,G20PREDBID,246619
145,16,65,1,0,0,0,0,G20PREDBID,246619
148,182,247,6,1,0,1,2,G20PREDBID,246619
154,486,645,12,3,0,0,9,G20PREDBID,246619
320,187,312,15,3,1,0,8,G20PREDBID,246619
152,1,9,0,0,0,0,0,G20PREDBID,246619
153,557,890,18,2,0,0,6,G20PREDBID,246619
410,292,357,10,3,0,0,7,G20PREDBID,246619
330,222,346,12,5,1,0,4,G20PREDBID,246619
400,389,213,13,2,2,0,3,G20PREDBID,246619
451,406,406,15,3,0,1,7,G20PREDBID,246619
172,8,23,1,0,0,0,0,G20PREDBID,246619
440,342,286,7,3,0,2,4,G20PREDBID,246619
450,310,372,11,2,0,0,6,G20PREDBID,246619
181,384,529,25,2,0,0,3,G20PREDBID,246619
150,44,42,2,1,0,0,0,G20PREDBID,246619
173,46,12,0,0,0,0,1,G20PREDBID,246619
174,276,383,13,3,0,1,7,G20PREDBID,246619
1158,1,3,1,0,0,0,0,G20PREDBID,246619
730,453,491,9,5,0,3,7,G20PREDBID,246619
163,11,29,0,0,0,0,0,G20PREDBID,246619
129,203,144,5,0,0,0,0,G20PREDBID,246619
127,154,122,4,2,1,1,2,G20PREDBID,246619
128,44,64,7,1,0,0,1,G20PREDBID,246619
124,34,63,0,0,0,0,0,G20PREDBID,246619
560,376,356,8,4,6,1,5,G20PREDBID,246619
310,220,226,12,1,0,0,1,G20PREDBID,246619
520,604,699,27,3,1,1,12,G20PREDBID,246619
190,33,37,1,0,0,0,0,G20PREDBID,246619
220,565,299,8,6,0,0,4,G20PREDBID,246619
550,147,113,2,1,0,0,1,G20PREDBID,246619
530,334,379,19,5,1,1,5,G20PREDBID,246619
540,522,679,12,3,1,0,5,G20PREDBID,246619
581,252,281,10,2,0,0,0,G20PREDBID,246619
570,400,180,14,7,4,1,0,G20PREDBID,246619
580,318,390,14,2,0,0,7,G20PREDBID,246619
481,289,169,8,4,3,0,4,G20PREDBID,246619
183,170,231,4,3,1,0,4,G20PREDBID,246619
470,419,418,15,2,0,0,9,G20PREDBID,246619
480,497,385,22,3,1,1,7,G20PREDBID,246619
511,175,157,9,2,1,0,0,G20PREDBID,246619
500,2,14,0,0,0,0,0,G20PREDBID,246619
590,389,509,13,5,2,0,9,G20PREDBID,246619
490,331,375,18,3,0,0,5,G20PREDBID,246619
610,264,469,6,4,1,0,4,G20PREDBID,246619
710,322,332,10,0,1,1,6,G20PREDBID,246619
136,2,9,0,0,0,0,0,G20PREDBID,246619
111,89,125,5,0,0,0,1,G20PREDBID,246619
100,3,9,1,0,0,0,0,G20PREDBID,246619
131,27,56,3,0,0,0,0,G20PREDBID,246619
133,194,377,5,3,0,0,2,G20PREDBID,246619
143,6,10,0,0,0,0,0,G20PREDBID,246619
113,84,89,1,1,0,0,2,G20PREDBID,246619
140,216,186,6,2,1,2,1,G20PREDBID,246619
142,0,0,0,0,0,0,0,G20PREDBID,246619
121,206,314,9,3,0,0,2,G20PREDBID,246619
114,330,337,5,0,0,0,3,G20PREDBID,246619
115,64,50,1,0,1,0,2,G20PREDBID,246619
83,250,136,5,1,0,0,1,G20PREDBID,246619
100,493,171,12,1,0,0,4,G20PREDBID,246619
89,180,142,8,3,0,0,4,G20PREDBID,246619
82,185,168,11,1,0,0,2,G20PREDBID,246619
13,218,184,6,1,1,0,0,G20PREDBID,246619
246,256,178,7,0,1,0,3,G20PREDBID,246619
239,241,311,18,0,0,0,4,G20PREDBID,246619
240,159,278,8,0,0,0,3,G20PREDBID,246619
238,250,122,5,2,0,0,0,G20PREDBID,246619
67,267,180,7,3,0,0,2,G20PREDBID,246619
63,181,134,6,3,0,0,3,G20PREDBID,246619
64,202,168,8,4,0,2,2,G20PREDBID,246619
51,262,129,10,4,1,2,7,G20PREDBID,246619
64,293,670,16,5,0,1,0,G20PREDBID,246619
47,318,220,9,4,0,0,4,G20PREDBID,246619
53,260,152,5,5,1,1,1,G20PREDBID,246619
14,256,195,5,1,0,0,0,G20PREDBID,246619
78,256,127,12,2,0,0,3,G20PREDBID,246619
59,363,312,7,1,0,0,6,G20PREDBID,246619
49,319,158,12,2,0,0,6,G20PREDBID,246619
46,176,104,6,2,0,3,0,G20PREDBID,246619
42,247,220,16,4,0,0,6,G20PREDBID,246619
54,258,149,13,3,1,1,5,G20PREDBID,246619
50,225,163,10,0,0,1,3,G20PREDBID,246619
48,120,83,2,1,0,0,2,G20PREDBID,246619
37,302,287,11,2,0,0,11,G20PREDBID,246619
70,339,197,9,7,0,0,2,G20PREDBID,246619
80,292,298,15,3,0,0,0,G20PREDBID,246619
45,497,206,8,3,0,0,2,G20PREDBID,246619
73,392,212,17,3,1,3,6,G20PREDBID,246619
69,139,118,5,2,0,0,0,G20PREDBID,246619
58,161,81,7,0,0,0,1,G20PREDBID,246619
65,195,77,7,0,0,1,2,G20PREDBID,246619
81,227,193,5,3,1,0,1,G20PREDBID,246619
74,328,176,16,2,2,0,7,G20PREDBID,246619
41,265,126,8,3,0,0,1,G20PREDBID,246619
72,277,200,8,0,2,1,8,G20PREDBID,246619
62,363,251,13,6,0,0,5,G20PREDBID,246619
55,266,159,9,3,1,0,6,G20PREDBID,246619
2791,429,122,12,4,0,0,6,G20PREDBID,246619
34,199,270,13,0,1,0,3,G20PREDBID,246619
40,294,502,11,3,2,0,3,G20PREDBID,246619
33,113,198,5,0,0,0,0,G20PREDBID,246619
35,145,200,1,0,1,0,2,G20PREDBID,246619
32,161,127,8,0,0,0,0,G20PREDBID,246619
39,166,406,14,2,0,0,5,G20PREDBID,246619
36,215,280,6,1,0,1,3,G20PREDBID,246619
22,177,145,5,1,0,1,0,G20PREDBID,246619
15,103,101,6,2,0,0,0,G20PREDBID,246619
12,122,74,7,4,1,0,2,G20PREDBID,246619
27,131,60,8,1,1,0,0,G20PREDBID,246619
24,772,324,44,9,1,1,10,G20PREDBID,246619
17,139,86,7,2,0,0,2,G20PREDBID,246619
38,155,467,9,2,0,0,1,G20PREDBID,246619
31,400,446,17,1,0,0,12,G20PREDBID,246619
37,210,427,8,1,0,0,6,G20PREDBID,246619
9,117,29,10,1,1,1,1,G20PREDBID,246619
19,142,55,6,0,0,0,3,G20PREDBID,246619
23,351,236,21,4,0,1,2,G20PREDBID,246619
43,195,542,11,6,0,0,5,G20PREDBID,246619
47,106,236,4,2,0,1,2,G20PREDBID,246619
44,435,630,15,1,1,0,4,G20PREDBID,246619
51,221,410,6,0,0,0,4,G20PREDBID,246619
62,144,230,10,0,0,0,3,G20PREDBID,246619
59,77,181,4,2,0,0,1,G20PREDBID,246619
50,132,283,2,0,0,0,4,G20PREDBID,246619
63,0,0,0,0,0,0,0,G20PREDBID,246619
42,187,109,1,2,0,0,3,G20PREDBID,246619
52,207,400,9,2,1,0,5,G20PREDBID,246619
48,329,410,17,1,0,0,7,G20PREDBID,246619
41,232,139,11,5,2,0,4,G20PREDBID,246619
30,227,205,6,7,0,0,3,G20PREDBID,246619
53,35,27,0,0,0,0,0,G20PREDBID,246619
29,188,169,8,0,1,0,1,G20PREDBID,246619
61,618,586,33,6,1,0,10,G20PREDBID,246619
60,105,219,7,3,1,0,1,G20PREDBID,246619
46,107,172,5,0,0,0,1,G20PREDBID,246619
45,73,73,3,0,0,0,4,G20PREDBID,246619
64,111,207,6,2,0,0,3,G20PREDBID,246619
5,237,602,20,2,0,1,5,G20PREDBID,246619
4,196,313,10,1,1,1,0,G20PREDBID,246619
1,104,219,7,1,0,0,1,G20PREDBID,246619
7,248,490,13,1,1,0,2,G20PREDBID,246619
2,97,134,2,0,1,0,2,G20PREDBID,246619
6,197,391,13,1,0,0,4,G20PREDBID,246619
3,72,80,4,1,0,0,1,G20PREDBID,246619
3836,218,253,17,4,0,0,4,G20PREDBID,246619
3842,121,203,12,5,0,0,1,G20PREDBID,246619
3835,333,228,3,2,1,0,1,G20PREDBID,246619
3828,274,139,13,3,3,1,1,G20PREDBID,246619
3837,176,107,11,0,0,0,5,G20PREDBID,246619
3834,107,119,0,1,0,0,2,G20PREDBID,246619
3841,320,160,6,0,0,0,3,G20PREDBID,246619
3778,316,143,11,0,0,0,0,G20PREDBID,246619
3764,380,215,5,4,0,0,7,G20PREDBID,246619
3763,119,76,4,0,0,0,2,G20PREDBID,246619
3813,7,2,0,0,0,0,0,G20PREDBID,246619
3824,226,69,4,0,0,0,0,G20PREDBID,246619
3823,258,145,10,2,0,0,1,G20PREDBID,246619
3829,226,84,10,0,0,0,2,G20PREDBID,246619
3819,306,68,8,2,1,0,4,G20PREDBID,246619
3833,284,207,13,0,1,1,2,G20PREDBID,246619
3830,228,139,9,0,0,0,3,G20PREDBID,246619
3812,184,131,5,1,0,1,4,G20PREDBID,246619
3811,283,197,12,3,0,1,5,G20PREDBID,246619
3825,253,96,6,1,0,0,4,G20PREDBID,246619
3714,249,73,3,0,0,0,2,G20PREDBID,246619
3709,0,0,0,0,0,0,0,G20PREDBID,246619
3706,66,57,0,0,0,0,0,G20PREDBID,246619
3713,85,112,8,5,0,0,0,G20PREDBID,246619
3831,324,182,15,2,0,0,6,G20PREDBID,246619
3765,199,148,5,2,0,0,4,G20PREDBID,246619
3762,139,188,14,2,0,0,2,G20PREDBID,246619
3755,183,178,4,1,4,2,0,G20PREDBID,246619
3754,265,154,6,2,0,2,4,G20PREDBID,246619
3781,209,177,15,0,0,0,2,G20PREDBID,246619
3782,274,203,9,1,0,0,4,G20PREDBID,246619
603,413,191,17,4,0,0,4,G20PREDBID,246619
607,231,217,4,1,0,0,2,G20PREDBID,246619
3794,179,124,4,1,0,0,5,G20PREDBID,246619
3808,249,262,7,3,0,0,4,G20PREDBID,246619
3780,351,111,9,2,0,0,4,G20PREDBID,246619
3789,155,47,4,2,0,0,3,G20PREDBID,246619
3786,188,69,2,0,0,0,0,G20PREDBID,246619
3790,349,207,8,1,2,0,2,G20PREDBID,246619
3795,212,205,4,3,0,0,4,G20PREDBID,246619
3783,93,172,5,0,0,0,2,G20PREDBID,246619
3691,491,177,10,4,0,0,5,G20PREDBID,246619
3712,31,12,2,0,0,0,4,G20PREDBID,246619
3711,385,108,7,0,0,0,1,G20PREDBID,246619
3684,182,53,3,1,0,0,4,G20PREDBID,246619
3800,355,238,12,1,1,0,4,G20PREDBID,246619
3697,0,0,0,0,0,0,0,G20PREDBID,246619
3799,172,112,6,1,0,0,2,G20PREDBID,246619
536,545,229,11,2,1,0,5,G20PREDBID,246619
545,233,61,5,2,0,0,4,G20PREDBID,246619
534,125,94,8,0,0,0,3,G20PREDBID,246619
498,91,96,3,1,0,0,1,G20PREDBID,246619
600,394,173,10,2,0,0,1,G20PREDBID,246619
597,606,194,20,5,1,1,2,G20PREDBID,246619
417,139,118,6,3,0,0,3,G20PREDBID,246619
659,291,185,11,1,2,1,1,G20PREDBID,246619
415,102,125,8,0,0,0,0,G20PREDBID,246619
410,246,366,18,3,1,1,2,G20PREDBID,246619
379,384,373,20,0,1,0,10,G20PREDBID,246619
418,269,328,12,5,0,1,4,G20PREDBID,246619
419,272,364,9,3,0,0,4,G20PREDBID,246619
662,338,266,4,3,0,0,5,G20PREDBID,246619
671,365,211,7,1,0,0,5,G20PREDBID,246619
697,411,242,23,2,1,0,0,G20PREDBID,246619
647,219,316,9,5,0,0,1,G20PREDBID,246619
688,207,195,5,2,0,0,7,G20PREDBID,246619
493,205,214,7,3,0,0,6,G20PREDBID,246619
522,310,285,10,4,0,0,8,G20PREDBID,246619
649,298,131,8,1,1,0,6,G20PREDBID,246619
544,419,157,19,2,0,0,5,G20PREDBID,246619
520,461,259,13,2,0,0,9,G20PREDBID,246619
543,429,125,13,5,1,0,1,G20PREDBID,246619
528,167,165,0,1,0,0,1,G20PREDBID,246619
546,154,65,5,1,0,1,5,G20PREDBID,246619
492,231,120,10,2,2,1,3,G20PREDBID,246619
495,92,45,1,0,0,0,1,G20PREDBID,246619
313,462,328,18,3,2,0,5,G20PREDBID,246619
548,529,160,24,4,0,0,2,G20PREDBID,246619
550,203,58,2,2,1,1,2,G20PREDBID,246619
280,225,284,12,1,2,1,6,G20PREDBID,246619
279,369,254,14,0,0,0,2,G20PREDBID,246619
315,220,378,17,3,0,0,4,G20PREDBID,246619
282,253,167,9,4,1,0,2,G20PREDBID,246619
561,178,279,12,4,2,1,4,G20PREDBID,246619
575,256,115,9,3,1,0,3,G20PREDBID,246619
578,337,140,8,6,1,0,4,G20PREDBID,246619
596,287,180,11,1,0,0,2,G20PREDBID,246619
547,260,94,4,0,0,0,2,G20PREDBID,246619
566,408,282,13,2,0,1,5,G20PREDBID,246619
404,353,169,6,5,0,0,2,G20PREDBID,246619
556,320,269,10,3,1,2,6,G20PREDBID,246619
409,156,232,9,1,0,0,4,G20PREDBID,246619
373,202,162,7,0,2,0,3,G20PREDBID,246619
461,207,178,8,7,0,0,2,G20PREDBID,246619
430,164,87,3,0,1,0,1,G20PREDBID,246619
432,337,223,11,2,0,1,4,G20PREDBID,246619
487,171,300,14,1,0,0,2,G20PREDBID,246619
456,439,246,6,3,1,0,1,G20PREDBID,246619
427,196,180,8,1,0,0,3,G20PREDBID,246619
413,302,362,12,1,0,0,4,G20PREDBID,246619
411,341,370,8,2,0,0,3,G20PREDBID,246619
416,307,352,10,1,0,0,6,G20PREDBID,246619
293,405,159,18,3,0,0,4,G20PREDBID,246619
481,195,142,13,1,1,1,3,G20PREDBID,246619
482,504,308,10,0,0,1,3,G20PREDBID,246619
320,285,211,8,4,0,1,4,G20PREDBID,246619
300,87,80,5,2,0,0,1,G20PREDBID,246619
301,209,217,12,2,0,0,1,G20PREDBID,246619
339,4,2,1,0,0,0,0,G20PREDBID,246619
348,120,233,9,0,0,0,2,G20PREDBID,246619
307,408,198,9,7,0,0,5,G20PREDBID,246619
328,369,269,13,2,0,0,3,G20PREDBID,246619
327,454,233,17,3,2,0,2,G20PREDBID,246619
358,459,203,16,1,2,2,7,G20PREDBID,246619
3293,552,179,11,0,0,0,8,G20PREDBID,246619
3306,375,116,12,1,0,1,3,G20PREDBID,246619
3298,405,143,15,1,0,0,4,G20PREDBID,246619
3294,262,235,15,3,1,1,0,G20PREDBID,246619
3302,317,350,17,8,1,1,6,G20PREDBID,246619
3308,199,79,7,1,0,0,1,G20PREDBID,246619
3326,335,109,9,2,0,0,4,G20PREDBID,246619
3324,339,209,11,0,0,0,6,G20PREDBID,246619
3303,116,115,4,2,0,0,2,G20PREDBID,246619
3299,83,126,0,1,0,0,3,G20PREDBID,246619
3276,296,204,17,6,0,0,2,G20PREDBID,246619
3307,169,50,4,0,0,0,1,G20PREDBID,246619
3304,193,244,17,0,0,0,3,G20PREDBID,246619
3275,369,167,4,1,1,0,2,G20PREDBID,246619
3150,402,292,16,4,0,1,7,G20PREDBID,246619
3329,162,141,2,0,1,1,1,G20PREDBID,246619
3180,366,112,9,5,1,0,3,G20PREDBID,246619
3151,457,203,21,5,1,1,1,G20PREDBID,246619
3322,246,128,3,0,0,1,1,G20PREDBID,246619
3310,512,441,21,1,2,0,6,G20PREDBID,246619
3296,506,238,14,3,0,0,5,G20PREDBID,246619
3323,291,183,10,2,0,0,2,G20PREDBID,246619
3295,348,396,16,1,0,0,5,G20PREDBID,246619
3189,424,206,12,2,2,0,2,G20PREDBID,246619
3184,442,311,11,6,0,0,5,G20PREDBID,246619
3164,280,148,4,0,1,1,3,G20PREDBID,246619
3203,477,149,16,5,0,0,3,G20PREDBID,246619
3190,488,177,5,5,2,1,2,G20PREDBID,246619
3202,207,37,2,2,0,0,4,G20PREDBID,246619
3181,319,279,10,1,0,0,7,G20PREDBID,246619
3214,281,134,7,1,0,0,6,G20PREDBID,246619
2982,370,257,17,4,0,0,0,G20PREDBID,246619
2980,0,0,0,0,0,0,0,G20PREDBID,246619
3217,419,121,9,1,1,0,10,G20PREDBID,246619
3216,517,178,14,0,0,0,11,G20PREDBID,246619
3215,407,144,6,2,1,0,3,G20PREDBID,246619
3206,614,169,9,6,0,1,6,G20PREDBID,246619
3222,305,203,22,4,0,0,3,G20PREDBID,246619
3244,251,172,21,5,1,2,3,G20PREDBID,246619
3213,409,148,13,5,0,0,2,G20PREDBID,246619
3242,329,244,16,3,0,0,3,G20PREDBID,246619
2929,403,125,9,1,0,0,1,G20PREDBID,246619
3132,327,333,18,2,0,0,3,G20PREDBID,246619
3138,323,83,6,3,0,1,3,G20PREDBID,246619
2975,290,155,11,2,0,1,3,G20PREDBID,246619
3146,215,147,9,1,0,0,2,G20PREDBID,246619
2984,234,140,5,3,1,1,3,G20PREDBID,246619
2977,277,80,10,2,2,1,6,G20PREDBID,246619
3145,330,92,6,1,0,0,2,G20PREDBID,246619
3141,221,220,9,2,0,0,1,G20PREDBID,246619
2986,463,208,7,0,0,0,6,G20PREDBID,246619
2974,414,247,12,2,0,0,2,G20PREDBID,246619
2985,409,141,17,1,2,0,3,G20PREDBID,246619
2973,530,195,2,1,0,0,3,G20PREDBID,246619
31884,390,649,19,4,1,0,12,G20PREDBID,246619
31891,105,156,3,0,0,0,5,G20PREDBID,246619
31883,439,532,14,3,0,0,8,G20PREDBID,246619
31875,460,587,19,4,1,0,7,G20PREDBID,246619
31885,155,167,5,2,0,0,3,G20PREDBID,246619
31882,367,476,10,3,0,0,7,G20PREDBID,246619
31874,0,0,0,0,0,0,0,G20PREDBID,246619
31848,77,85,2,0,0,2,4,G20PREDBID,246619
31890,201,256,11,0,0,0,9,G20PREDBID,246619
31886,408,460,15,0,0,0,7,G20PREDBID,246619
31847,203,237,11,1,0,0,3,G20PREDBID,246619
3044,354,274,6,0,2,0,4,G20PREDBID,246619
2905,236,46,7,1,2,0,2,G20PREDBID,246619
2859,259,288,15,0,0,0,3,G20PREDBID,246619
2904,255,412,8,3,0,0,5,G20PREDBID,246619
2857,426,311,15,3,0,0,13,G20PREDBID,246619
30709,474,352,25,4,2,0,3,G20PREDBID,246619
30708,364,369,22,5,3,0,5,G20PREDBID,246619
2937,337,130,12,0,0,0,3,G20PREDBID,246619
30713,1,4,0,0,0,0,0,G20PREDBID,246619
30707,227,222,9,1,0,1,2,G20PREDBID,246619
31804,598,479,20,1,1,0,3,G20PREDBID,246619
31801,251,298,10,2,1,0,4,G20PREDBID,246619
2940,193,61,1,2,0,0,2,G20PREDBID,246619
2939,232,146,6,4,0,0,2,G20PREDBID,246619
2963,565,216,16,2,0,1,8,G20PREDBID,246619
2941,349,104,5,2,0,0,7,G20PREDBID,246619
2938,212,131,1,0,0,0,0,G20PREDBID,246619
2942,513,222,12,2,0,1,3,G20PREDBID,246619
31845,320,373,21,5,1,0,5,G20PREDBID,246619
2972,579,182,13,4,0,0,6,G20PREDBID,246619
2965,477,146,15,3,0,0,9,G20PREDBID,246619
31865,88,158,9,1,0,0,1,G20PREDBID,246619
31849,198,231,8,1,1,0,4,G20PREDBID,246619
31846,155,218,7,2,0,0,3,G20PREDBID,246619
31861,97,171,6,2,0,0,1,G20PREDBID,246619
2971,200,73,5,0,0,0,4,G20PREDBID,246619
31855,225,392,14,2,1,1,4,G20PREDBID,246619
31876,22,28,0,0,0,0,0,G20PREDBID,246619
31854,136,239,4,0,0,0,2,G20PREDBID,246619
31888,301,420,16,3,0,1,5,G20PREDBID,246619
31881,325,361,13,3,0,0,5,G20PREDBID,246619
31877,201,274,7,0,0,0,4,G20PREDBID,246619
31887,368,430,7,2,0,0,3,G20PREDBID,246619
31844,305,361,18,4,1,0,4,G20PREDBID,246619
31856,342,532,17,3,1,0,5,G20PREDBID,246619
31853,62,96,0,0,0,1,1,G20PREDBID,246619
31843,376,389,27,0,0,0,9,G20PREDBID,246619
31869,98,298,15,2,0,0,4,G20PREDBID,246619
31857,283,548,19,3,0,2,6,G20PREDBID,246619
2961,359,105,10,2,1,0,6,G20PREDBID,246619
31894,0,2,0,0,0,0,0,G20PREDBID,246619
31905,270,456,21,5,1,0,4,G20PREDBID,246619
31898,321,568,13,2,0,0,3,G20PREDBID,246619
31895,232,459,14,3,0,0,1,G20PREDBID,246619
31904,204,188,7,2,0,0,4,G20PREDBID,246619
31901,42,41,2,1,0,0,0,G20PREDBID,246619
31910,374,419,30,4,1,0,3,G20PREDBID,246619
31907,318,404,29,4,3,1,3,G20PREDBID,246619
31900,230,267,7,0,0,0,4,G20PREDBID,246619
31921,246,511,13,2,0,0,2,G20PREDBID,246619
31914,245,330,12,1,1,0,4,G20PREDBID,246619
31911,192,257,16,0,0,1,5,G20PREDBID,246619
31920,259,388,21,2,0,1,4,G20PREDBID,246619
31893,1,6,0,0,0,0,0,G20PREDBID,246619
31902,414,426,18,0,1,0,7,G20PREDBID,246619
31899,230,303,18,1,1,0,3,G20PREDBID,246619
31892,292,378,9,4,1,1,3,G20PREDBID,246619
31880,210,200,5,2,1,0,7,G20PREDBID,246619
31906,209,308,14,7,1,1,2,G20PREDBID,246619
31903,12,7,0,0,0,0,0,G20PREDBID,246619
31879,103,137,3,2,0,0,2,G20PREDBID,246619
31917,427,721,24,6,3,0,10,G20PREDBID,246619
31924,154,364,11,1,0,0,3,G20PREDBID,246619
31916,295,494,14,2,0,0,2,G20PREDBID,246619
31909,414,535,15,2,0,1,5,G20PREDBID,246619
31918,546,350,7,1,1,0,3,G20PREDBID,246619
31915,56,92,2,0,0,0,0,G20PREDBID,246619
31908,273,350,22,0,1,0,7,G20PREDBID,246619
31897,287,392,9,3,0,2,5,G20PREDBID,246619
31923,196,523,20,2,0,0,4,G20PREDBID,246619
31919,341,464,15,1,0,0,6,G20PREDBID,246619
31896,5,10,0,0,0,0,0,G20PREDBID,246619
31803,573,503,23,4,0,2,11,G20PREDBID,246619
30706,379,390,17,5,1,1,4,G20PREDBID,246619
31802,423,482,16,3,2,1,2,G20PREDBID,246619
31913,130,237,9,0,0,1,2,G20PREDBID,246619
31912,217,379,24,2,1,1,2,G20PREDBID,246619
31823,361,361,25,2,0,0,4,G20PREDBID,246619
31814,199,98,7,1,0,1,2,G20PREDBID,246619
31822,344,314,14,5,0,0,3,G20PREDBID,246619
31817,794,492,29,1,0,0,8,G20PREDBID,246619
31816,455,328,14,1,1,1,5,G20PREDBID,246619
31840,341,392,24,2,3,0,4,G20PREDBID,246619
31833,333,442,17,2,0,1,4,G20PREDBID,246619
31839,72,105,3,0,0,0,2,G20PREDBID,246619
31818,215,160,7,1,0,0,4,G20PREDBID,246619
31815,689,429,25,1,0,1,7,G20PREDBID,246619
30705,280,280,17,0,0,0,3,G20PREDBID,246619
31819,238,172,7,0,0,0,3,G20PREDBID,246619
30701,13,16,2,0,0,0,0,G20PREDBID,246619
31836,435,569,25,2,0,0,6,G20PREDBID,246619
28588,425,678,38,1,1,0,11,G20PREDBID,246619
31842,402,424,14,0,1,0,7,G20PREDBID,246619
31835,345,392,21,1,0,0,7,G20PREDBID,246619
28589,351,651,29,6,1,0,8,G20PREDBID,246619
31837,357,411,22,3,0,0,4,G20PREDBID,246619
31834,336,468,20,3,0,1,2,G20PREDBID,246619
31826,550,394,19,10,0,0,4,G20PREDBID,246619
31813,274,172,5,2,0,0,3,G20PREDBID,246619
31841,246,362,19,1,1,1,4,G20PREDBID,246619
31838,327,380,21,7,0,1,8,G20PREDBID,246619
28587,312,529,20,1,3,1,3,G20PREDBID,246619
28586,432,525,36,5,1,1,9,G20PREDBID,246619
31832,357,450,15,3,0,0,3,G20PREDBID,246619
31830,177,196,8,2,0,0,2,G20PREDBID,246619
28583,296,442,17,6,1,0,3,G20PREDBID,246619
28585,475,612,46,1,0,1,6,G20PREDBID,246619
25272,473,568,27,3,1,1,8,G20PREDBID,246619
25265,695,538,36,5,1,3,4,G20PREDBID,246619
25274,541,648,35,5,0,2,12,G20PREDBID,246619
25271,571,565,31,7,2,2,8,G20PREDBID,246619
25275,0,1,0,0,0,0,0,G20PREDBID,246619
27471,53,61,1,0,0,0,0,G20PREDBID,246619
27477,543,517,32,3,0,0,7,G20PREDBID,246619
25276,18,13,2,0,0,0,0,G20PREDBID,246619
25296,399,509,9,4,0,1,3,G20PREDBID,246619
25288,440,377,15,1,0,1,9,G20PREDBID,246619
25289,0,0,0,0,0,0,0,G20PREDBID,246619
2151,136,249,10,2,1,0,1,G20PREDBID,246619
2152,333,813,19,2,2,0,13,G20PREDBID,246619
2157,427,911,16,4,0,0,9,G20PREDBID,246619
2158,343,491,21,4,0,2,7,G20PREDBID,246619
2155,396,854,50,7,2,1,4,G20PREDBID,246619
2145,348,762,32,8,2,0,4,G20PREDBID,246619
2146,314,588,9,3,0,0,3,G20PREDBID,246619
25284,222,252,19,3,1,0,2,G20PREDBID,246619
25285,618,784,24,8,0,0,12,G20PREDBID,246619
2147,298,618,18,5,1,0,6,G20PREDBID,246619
2148,327,764,21,5,0,1,5,G20PREDBID,246619
2167,201,531,19,0,0,0,4,G20PREDBID,246619
2161,475,573,35,6,1,2,10,G20PREDBID,246619
2162,365,702,31,5,0,0,5,G20PREDBID,246619
2159,189,460,17,2,0,0,5,G20PREDBID,246619
2153,274,701,23,4,1,0,9,G20PREDBID,246619
2154,293,744,39,3,0,0,9,G20PREDBID,246619
2149,349,819,27,3,0,0,8,G20PREDBID,246619
2150,316,565,20,3,2,1,5,G20PREDBID,246619
25229,376,241,20,2,4,2,5,G20PREDBID,246619
2166,224,429,8,3,0,0,3,G20PREDBID,246619
2105,142,268,14,1,1,0,2,G20PREDBID,246619
2106,361,739,36,8,1,0,20,G20PREDBID,246619
25286,621,542,26,7,0,1,4,G20PREDBID,246619
25287,6,3,0,0,0,0,0,G20PREDBID,246619
25281,374,353,31,3,2,1,3,G20PREDBID,246619
2110,367,595,20,3,0,2,5,G20PREDBID,246619
2111,443,718,34,5,1,0,5,G20PREDBID,246619
25282,493,653,34,5,0,0,7,G20PREDBID,246619
25283,594,491,24,2,1,0,4,G20PREDBID,246619
2135,359,772,31,2,0,1,13,G20PREDBID,246619
2136,68,151,5,1,0,0,2,G20PREDBID,246619
2141,358,770,27,5,0,0,8,G20PREDBID,246619
2142,288,497,18,1,0,0,4,G20PREDBID,246619
2139,283,617,22,2,1,0,5,G20PREDBID,246619
2140,377,809,37,0,1,1,6,G20PREDBID,246619
2143,275,552,17,0,0,1,5,G20PREDBID,246619
2144,212,428,15,3,0,0,3,G20PREDBID,246619
2137,200,426,18,0,1,0,2,G20PREDBID,246619
2138,170,382,13,3,0,0,3,G20PREDBID,246619
2133,239,218,4,1,0,1,4,G20PREDBID,246619
2134,596,515,29,4,1,0,5,G20PREDBID,246619
2112,297,432,23,4,0,0,5,G20PREDBID,246619
2113,249,372,20,3,0,0,5,G20PREDBID,246619
2114,348,532,18,0,0,1,10,G20PREDBID,246619
176,0,0,0,0,0,0,0,G20PREDBID,246619
3634,379,126,5,0,1,0,6,G20PREDBID,246619
3643,241,134,4,0,0,0,1,G20PREDBID,246619
3633,293,102,15,1,0,0,3,G20PREDBID,246619
3717,293,192,10,1,1,0,4,G20PREDBID,246619
3718,114,111,3,1,0,0,4,G20PREDBID,246619
3572,515,145,13,2,0,0,2,G20PREDBID,246619
3551,159,171,9,0,0,0,1,G20PREDBID,246619
3576,292,226,7,2,0,0,4,G20PREDBID,246619
3733,260,92,10,0,0,0,1,G20PREDBID,246619
3734,249,117,10,1,0,0,4,G20PREDBID,246619
3722,61,13,3,2,0,0,0,G20PREDBID,246619
3703,365,143,9,1,0,0,6,G20PREDBID,246619
3740,257,84,3,1,0,0,2,G20PREDBID,246619
3630,65,24,1,1,0,0,0,G20PREDBID,246619
3629,80,52,1,3,0,0,2,G20PREDBID,246619
3626,50,40,2,0,1,0,1,G20PREDBID,246619
3635,192,86,2,2,0,0,3,G20PREDBID,246619
3625,42,109,3,0,0,0,0,G20PREDBID,246619
3645,0,0,0,0,0,0,0,G20PREDBID,246619
3624,187,157,5,1,0,0,2,G20PREDBID,246619
3736,399,169,8,0,0,0,4,G20PREDBID,246619
3735,185,148,6,3,2,0,1,G20PREDBID,246619
3651,331,70,3,1,0,0,4,G20PREDBID,246619
3482,297,206,7,0,0,1,4,G20PREDBID,246619
3652,262,211,7,1,0,0,6,G20PREDBID,246619
3474,255,263,11,0,1,0,3,G20PREDBID,246619
3472,309,324,17,2,0,0,7,G20PREDBID,246619
3670,184,67,8,1,0,0,1,G20PREDBID,246619
3649,326,136,6,0,0,0,1,G20PREDBID,246619
3638,384,119,10,3,1,0,3,G20PREDBID,246619
3559,360,91,4,4,0,0,6,G20PREDBID,246619
3552,486,156,11,3,1,0,4,G20PREDBID,246619
3558,344,142,11,1,2,0,5,G20PREDBID,246619
3667,394,194,10,3,0,0,1,G20PREDBID,246619
3654,316,124,7,1,0,0,3,G20PREDBID,246619
3555,316,122,7,3,1,0,7,G20PREDBID,246619
3564,486,237,12,0,1,1,9,G20PREDBID,246619
3554,317,121,5,1,0,0,0,G20PREDBID,246619
3575,431,174,8,1,0,0,5,G20PREDBID,246619
3565,0,0,0,0,0,0,0,G20PREDBID,246619
3574,231,124,5,3,0,1,1,G20PREDBID,246619
3539,235,162,6,2,0,0,3,G20PREDBID,246619
3538,423,260,17,2,0,3,3,G20PREDBID,246619
3560,368,163,22,4,0,0,3,G20PREDBID,246619
3557,119,97,7,0,0,0,3,G20PREDBID,246619
3581,187,155,7,1,0,0,2,G20PREDBID,246619
3385,402,204,6,2,0,0,4,G20PREDBID,246619
3585,386,231,7,0,0,0,4,G20PREDBID,246619
3582,250,154,8,0,0,0,1,G20PREDBID,246619
3591,200,220,7,1,0,0,0,G20PREDBID,246619
3373,372,295,15,0,0,0,10,G20PREDBID,246619
3362,226,112,6,1,0,0,1,G20PREDBID,246619
3335,444,279,14,4,1,0,3,G20PREDBID,246619
3384,490,220,11,2,0,0,10,G20PREDBID,246619
3375,0,0,0,0,0,0,0,G20PREDBID,246619
3588,410,94,16,5,0,0,3,G20PREDBID,246619
3597,142,121,6,1,0,0,2,G20PREDBID,246619
3611,507,272,27,1,0,0,7,G20PREDBID,246619
3589,303,226,4,4,0,0,7,G20PREDBID,246619
3579,175,122,3,0,0,0,0,G20PREDBID,246619
3444,10,20,0,1,0,0,0,G20PREDBID,246619
3607,319,165,12,1,1,0,6,G20PREDBID,246619
3463,0,0,0,0,0,0,0,G20PREDBID,246619
3445,235,152,4,1,0,3,2,G20PREDBID,246619
3462,0,0,0,0,0,0,0,G20PREDBID,246619
3609,322,177,7,1,0,0,4,G20PREDBID,246619
3613,126,111,5,1,0,0,1,G20PREDBID,246619
3610,110,130,2,1,0,0,1,G20PREDBID,246619
3456,301,239,4,2,0,0,2,G20PREDBID,246619
3468,152,209,13,2,0,0,2,G20PREDBID,246619
3455,233,197,7,1,2,0,8,G20PREDBID,246619
3493,313,241,5,3,1,0,2,G20PREDBID,246619
3476,166,90,5,2,0,0,0,G20PREDBID,246619
3492,129,155,8,2,0,0,3,G20PREDBID,246619
3459,262,110,8,2,0,0,4,G20PREDBID,246619
3454,153,84,2,1,1,0,5,G20PREDBID,246619
3601,305,169,12,0,3,0,10,G20PREDBID,246619
3464,554,160,18,1,0,0,8,G20PREDBID,246619
3461,238,184,16,1,0,3,3,G20PREDBID,246619
3600,351,230,15,1,1,0,7,G20PREDBID,246619
3500,48,17,0,0,0,0,0,G20PREDBID,246619
3512,585,228,18,1,0,0,8,G20PREDBID,246619
3505,599,169,6,1,0,0,5,G20PREDBID,246619
3511,289,211,9,0,0,0,15,G20PREDBID,246619
3279,445,273,20,3,0,0,3,G20PREDBID,246619
3289,151,126,1,4,0,0,2,G20PREDBID,246619
3508,527,204,6,3,2,1,8,G20PREDBID,246619
3518,309,295,17,4,0,0,4,G20PREDBID,246619
3514,446,163,13,2,1,1,6,G20PREDBID,246619
3507,576,234,10,6,0,0,14,G20PREDBID,246619
3526,351,116,11,1,0,0,8,G20PREDBID,246619
3534,296,198,4,1,1,1,6,G20PREDBID,246619
3509,414,174,11,0,1,1,6,G20PREDBID,246619
3506,425,132,7,0,0,0,1,G20PREDBID,246619
3498,254,138,4,1,0,0,4,G20PREDBID,246619
3513,355,177,9,1,0,1,1,G20PREDBID,246619
3510,237,124,14,1,0,0,3,G20PREDBID,246619
3478,127,141,10,2,0,0,0,G20PREDBID,246619
3537,389,203,7,2,0,0,5,G20PREDBID,246619
3352,0,0,0,0,0,0,0,G20PREDBID,246619
3517,259,148,8,3,0,0,0,G20PREDBID,246619
3527,425,153,5,2,1,0,4,G20PREDBID,246619
3515,177,44,1,0,0,0,0,G20PREDBID,246619
3504,398,151,13,4,1,0,5,G20PREDBID,246619
3536,496,311,24,1,2,0,9,G20PREDBID,246619
3533,555,203,19,2,0,0,8,G20PREDBID,246619
3503,360,128,13,3,0,0,6,G20PREDBID,246619
3365,147,112,8,2,1,0,3,G20PREDBID,246619
3369,379,313,11,1,0,0,5,G20PREDBID,246619
3366,209,150,15,6,0,0,6,G20PREDBID,246619
3338,108,97,5,2,0,0,2,G20PREDBID,246619
3525,303,209,13,5,0,1,7,G20PREDBID,246619
3344,277,184,5,1,0,0,1,G20PREDBID,246619
3523,418,270,19,3,0,0,8,G20PREDBID,246619
3388,491,178,12,2,0,0,2,G20PREDBID,246619
3205,215,127,7,0,0,0,1,G20PREDBID,246619
3389,566,175,10,2,0,1,6,G20PREDBID,246619
3402,211,122,8,1,0,0,0,G20PREDBID,246619
3187,289,196,8,3,0,0,3,G20PREDBID,246619
3186,162,298,11,1,0,0,4,G20PREDBID,246619
3204,537,186,15,1,0,0,3,G20PREDBID,246619
3408,241,141,3,0,0,0,1,G20PREDBID,246619
3405,330,275,6,1,1,0,4,G20PREDBID,246619
3413,420,292,21,1,0,1,5,G20PREDBID,246619
3409,476,307,14,1,0,0,7,G20PREDBID,246619
3387,272,128,4,0,0,0,0,G20PREDBID,246619
3396,378,99,7,0,1,0,2,G20PREDBID,246619
3386,538,228,17,4,0,0,9,G20PREDBID,246619
3368,352,208,15,2,0,0,5,G20PREDBID,246619
3404,412,193,9,1,1,0,4,G20PREDBID,246619
3367,437,377,17,2,1,0,4,G20PREDBID,246619
3247,358,437,31,5,1,0,8,G20PREDBID,246619
3437,140,91,5,1,0,0,1,G20PREDBID,246619
3415,392,96,12,3,2,0,2,G20PREDBID,246619
3260,292,338,8,1,0,0,5,G20PREDBID,246619
3248,342,424,19,2,0,1,6,G20PREDBID,246619
3407,492,301,28,2,2,0,7,G20PREDBID,246619
3417,262,130,7,0,0,0,10,G20PREDBID,246619
3414,0,0,0,0,0,0,0,G20PREDBID,246619
3406,205,102,7,1,0,0,4,G20PREDBID,246619
3272,298,224,11,1,1,0,4,G20PREDBID,246619
3269,186,219,11,2,0,0,1,G20PREDBID,246619
3287,561,235,15,0,0,0,10,G20PREDBID,246619
3273,305,234,6,3,1,1,4,G20PREDBID,246619
3246,164,132,7,2,0,0,1,G20PREDBID,246619
3245,343,255,17,6,0,0,5,G20PREDBID,246619
3412,519,168,14,3,0,0,4,G20PREDBID,246619
3268,269,370,7,3,1,1,4,G20PREDBID,246619
179,390,704,32,4,2,0,7,G20PREDBID,246619
130,80,169,4,7,2,0,4,G20PREDBID,246619
31,89,124,4,1,0,0,1,G20PREDBID,246619
21,242,43,3,0,0,0,1,G20PREDBID,246619
57,51,73,0,0,0,1,0,G20PREDBID,246619
71,68,93,3,0,0,0,2,G20PREDBID,246619
65,88,90,2,3,1,0,3,G20PREDBID,246619
5,286,387,12,2,0,1,3,G20PREDBID,246619
39,46,58,2,5,0,0,0,G20PREDBID,246619
35,141,281,6,2,0,1,2,G20PREDBID,246619
27,378,570,12,2,1,0,4,G20PREDBID,246619
4102,163,560,7,2,0,0,1,G20PREDBID,246619
3903,256,760,14,4,3,1,4,G20PREDBID,246619
4402,135,356,8,3,0,0,1,G20PREDBID,246619
209,163,383,13,1,0,0,5,G20PREDBID,246619
215,191,331,12,3,0,0,1,G20PREDBID,246619
206,268,386,6,0,0,0,4,G20PREDBID,246619
208,155,237,9,1,0,0,0,G20PREDBID,246619
316,245,366,8,0,0,0,3,G20PREDBID,246619
210,177,216,10,1,0,0,1,G20PREDBID,246619
309,38,122,3,0,0,0,1,G20PREDBID,246619
302,217,309,2,0,0,0,3,G20PREDBID,246619
214,80,108,6,1,0,0,2,G20PREDBID,246619
2,17,39,1,0,0,0,0,G20PREDBID,246619
315,232,406,7,6,1,0,3,G20PREDBID,246619
318,68,124,0,0,0,0,0,G20PREDBID,246619
16,258,624,10,0,0,0,4,G20PREDBID,246619
111,231,414,9,0,0,0,4,G20PREDBID,246619
201,230,321,8,1,0,0,3,G20PREDBID,246619
114,156,239,8,1,1,0,1,G20PREDBID,246619
112,181,241,14,3,0,1,3,G20PREDBID,246619
110,179,336,6,5,1,0,2,G20PREDBID,246619
108,156,308,7,0,1,0,1,G20PREDBID,246619
105,165,239,11,2,0,0,1,G20PREDBID,246619
109,133,181,3,1,0,0,1,G20PREDBID,246619
313,29,83,1,1,0,0,1,G20PREDBID,246619
311,106,210,6,2,0,0,1,G20PREDBID,246619
312,250,328,7,4,0,0,7,G20PREDBID,246619
102,314,527,13,4,1,0,4,G20PREDBID,246619
101,182,241,11,1,0,0,4,G20PREDBID,246619
103,123,144,4,0,1,0,0,G20PREDBID,246619
204,265,459,11,1,0,0,3,G20PREDBID,246619
107,160,254,10,1,0,1,3,G20PREDBID,246619
202,109,178,1,0,0,0,1,G20PREDBID,246619
113,230,330,17,2,1,0,2,G20PREDBID,246619
106,200,243,12,2,0,3,5,G20PREDBID,246619
104,342,471,8,2,0,3,2,G20PREDBID,246619
203,205,318,6,0,0,0,5,G20PREDBID,246619
13954041,125,80,7,0,0,0,0,G20PREDBID,246619
13914439,6,8,0,0,0,0,0,G20PREDBID,246619
13914211,83,219,7,2,0,0,1,G20PREDBID,246619
31927,292,592,15,6,0,1,2,G20PREDBID,246619
31928,357,414,30,0,0,0,6,G20PREDBID,246619
31925,128,72,1,1,0,0,2,G20PREDBID,246619
31926,37,10,1,0,1,1,0,G20PREDBID,246619
3901,94,310,5,0,0,0,0,G20PREDBID,246619
720,388,490,11,0,0,0,12,G20PREDBID,246619
141,8,24,3,0,0,0,0,G20PREDBID,246619
510,382,335,13,2,1,0,6,G20PREDBID,246619
460,357,277,16,5,1,0,5,G20PREDBID,246619
132,31,39,3,1,0,0,1,G20PREDBID,246619
135,271,686,17,3,0,0,7,G20PREDBID,246619
26,558,281,32,5,1,0,4,G20PREDBID,246619
25,135,26,4,1,0,0,2,G20PREDBID,246619
54,93,237,6,0,0,0,0,G20PREDBID,246619
55,169,412,7,1,0,0,2,G20PREDBID,246619
58,183,323,7,0,0,1,2,G20PREDBID,246619
20,127,42,4,1,0,0,4,G20PREDBID,246619
18,153,90,8,0,2,0,2,G20PREDBID,246619
21,150,68,5,1,0,0,0,G20PREDBID,246619
8,97,29,5,1,1,0,2,G20PREDBID,246619
11,78,37,2,0,0,0,0,G20PREDBID,246619
16,105,59,7,2,0,0,4,G20PREDBID,246619
13,136,49,4,2,0,0,0,G20PREDBID,246619
28,137,106,4,2,0,0,7,G20PREDBID,246619
14,110,80,5,3,0,0,0,G20PREDBID,246619
2156,198,405,12,1,0,0,4,G20PREDBID,246619
